Исполнительная схема по срубке свай в осях SY17-SX1-SX2. SX1-SY17-SY16. №РС-001,№РС-001,Unnamed: 2
Исполнительная схема по срубке свай в осях SY17-SX2-SX3. №РС-002,№РС-002,Сваи
Исполнительная схема по срубке свай в осях SY17-SX3-SX4. №РС-003,№РС-003,Сваи
Исполнительная схема по срубке свай в осях SY17-SX4-SX5. №РС-004,№РС-004,Сваи
Исполнительная схема по срубке свай в осях SY17-SX5-SX6. №РС-005,№РС-005,Сваи
Исполнительная схема по срубке свай в осях SX1-SY15-SY16. №РС-006,№РС-006,Сваи
Исполнительная схема по срубке свай в осях SX1-SY14-SY15. №РС-007,№РС-007,Сваи
Исполнительная схема по срубке свай в осях SX1-SY13-SY14. №РС-008,№РС-008,Сваи
Исполнительная схема по срубке свай в осях SX1-SY12-SY13. №РС-009,№РС-009,Сваи
Исполнительная схема по срубке свай в осях SY12-SY13-SX2-SX3-1. №РС-010,№РС-010,Сваи
Исполнительная схема по срубке свай в осях SY12-SX13-SX4-SX5-1. №РС-011,№РС-011,Сваи
Исполнительная схема по срубке свай в осях SX2-SY14-SY16. №РС-012,№РС-012,Сваи
Исполнительная схема по срубке свай в осях SX3-SX5-SY14-SY16. №РС-013,№РС-013,Сваи
Исполнительная схема по срубке свай в осях SY17-SY16-SX6-SX7. №РС-014,№РС-014,Сваи
Исполнительная схема по срубке свай в осях SY16-SX6-1-SX8. №РС-014/1,№РС-014/1,Сваи
Исполнительная схема по срубке свай в осях SY17-SY16-SX7-SX8. №РС-015,№РС-015,Сваи
Исполнительная схема по срубке свай в осях SY17-SY16-SX8-SX9. №РС-016,№РС-016,Сваи
Исполнительная схема по срубке свай в осях SY17-SY16-SX9-SX10. №РС-017,№РС-017,Сваи
Исполнительная схема по срубке свай в осях SY16-SX9-SX11. №РС-017/1,№РС-017/1,Сваи
Исполнительная схема по срубке свай в осях SY17-SY16-SX10-SX11. №РС-018,№РС-018,Сваи
Исполнительная схема по срубке свай в осях SY17-SY16-SX11-SX12. №РС-019,№РС-019,Сваи
Исполнительная схема по срубке свай в осях SY17-SY16-SX12-SX13. №РС-020,№РС-020,Сваи
Исполнительная схема по срубке свай в осях SY16-SX12-SX14. №РС-020/1,№РС-020/1,Сваи
Исполнительная схема по срубке свай в осях SY17-SY16-SX13-SX14. №РС-021,№РС-021,Сваи
Исполнительная схема по срубке свай в осях SY17-SY16-SX14-SX15. №РС-022,№РС-022,Сваи
Исполнительная схема по срубке свай в осях SY16-SX12-SX14. №РС-022/1,№РС-022/1,Сваи
Исполнительная схема по срубке свай в осях SY17-SY16-SX15-SX16. №РС-023,№РС-023,Сваи
Исполнительная схема по срубке свай в осях SY17-SY16-SX16-SX17. №РС-024,№РС-024,Сваи
Исполнительная схема по срубке свай в осях SY17-SY16-SX17-SX18. №РС-025,№РС-025,Сваи
Исполнительная схема по срубке свай в осях SX18-SY17-SY16. №РС-026,№РС-026,Сваи
Исполнительная схема по срубке свай в осях SX6-SX6-1-SY15-SY16. №РС-027,№РС-027,Сваи
Исполнительная схема по срубке свай в осях SX18-SY16-SY15. №РС-028,№РС-028,Сваи
Исполнительная схема по срубке свай в осях SX6-SX6-1-SY14-SY15. №РС-029,№РС-029,Сваи
Исполнительная схема по срубке свай в осях SY14-SY15-SX8-SX11. №РС-030,№РС-030,Сваи
Исполнительная схема по срубке свай в осях SY14-SY15-SX11-SX13. №РС-031,№РС-031,Сваи
Исполнительная схема по срубке свай в осях SY14-SY15-SX13-SX15. №РС-032,№РС-032,Сваи
Исполнительная схема по срубке свай в осях SY14-SY15-SX15-SX17. №РС-033,№РС-033,Сваи
Исполнительная схема по срубке свай в осях SX18-SY14-SY15. №РС-034,№РС-034,Сваи
Исполнительная схема по срубке свай в осях SX6-SX6-1-SY1-SY14. №РС-035,№РС-035,Сваи
Исполнительная схема по срубке свай в осях SX18-SY13-SY14. №РС-036,№РС-036,Сваи
Исполнительная схема по срубке свай в осях SX6-SX6-1-SY12-SY13. №РС-037,№РС-037,Сваи
Исполнительная схема по срубке свай в осях SY12-SY13-SX6-2-SX8. №РС-038,№РС-038,Сваи
Исполнительная схема по срубке свай в осях SY12-SY13-SX9-SX11. №РС-039,№РС-039,Сваи
Исполнительная схема по срубке свай в осях SY12-SY13-SX11-SX12. №РС-040,№РС-040,Сваи
Исполнительная схема по срубке свай в осях SY12-SY13-SX13-SX13-1. №РС-041,№РС-041,Сваи
Исполнительная схема по срубке свай в осях SY12-SY13-SX14-SX15. №РС-042,№РС-042,Сваи
Исполнительная схема по срубке свай в осях SY12-SY13-SX16-SX18. №РС-043,№РС-043,Сваи
Исполнительная схема по срубке свай в осях SX18-SY12-SY11. №РС-044,№РС-044,Сваи
Исполнительная схема по срубке свай в осях sx18-SY10-SY11. №РС-045,№РС-045,Сваи
Исполнительная схема по срубке свай в осях SX18-SY9-SY10. №РС-046,№РС-046,Сваи
Исполнительная схема по срубке свай в осях SX18-SY8-SY9. №РС-047,№РС-047,Сваи
Исполнительная схема по срубке свай в осях SX18-SY7-SY8. №РС-048,№РС-048,Сваи
Исполнительная схема по срубке свай в осях SX18-SY6-SY7. №РС-049,№РС-049,Сваи
Исполнительная схема по срубке свай в осях SX18-SY5-SY6. №РС-050,№РС-050,Сваи
Исполнительная схема по срубке свай в осях SX13-SX15-SY11-SY10. №РС-051,№РС-051,Сваи
Исполнительная схема по срубке свай в осях SX13-SX15-SY9-SY8. №РС-052,№РС-052,Сваи
Исполнительная схема по срубке свай в осях SX13-SX15-SY6-SY7-1. №РС-053,№РС-053,Сваи
Исполнительная схема по срубке свай в осях SX16-SY11-SY6. №РС-054,№РС-054,Сваи
Исполнительная схема по срубке свай в осях SX17-SY11-SY10. №РС-055,№РС-055,Сваи
Исполнительная схема по срубке свай в осях SX17-SY8-SY10. №РС-056,№РС-056,Сваи
Исполнительная схема по срубке свай в осях SX17-SY8. №РС-057,№РС-057,Сваи
Исполнительная схема по срубке свай в осях SX17-SY7-SY7-1. №РС-058,№РС-058,Сваи
Исполнительная схема по срубке свай в осях SX17-SY6. №РС-059,№РС-059,Сваи
Исполнительная схема по срубке свай в осях SY5-SX13-SX14. №РС-060,№РС-060,Сваи
Исполнительная схема по срубке свай в осях SY5-SX14-SX15. №РС-061,№РС-061,Сваи
Исполнительная схема по срубке свай в осях SY5-SX15-SX16. №РС-062,№РС-062,Сваи
Исполнительная схема по срубке свай в осях SY5-SX16-SX17. №РС-063,№РС-063,Сваи
Исполнительная схема по срубке свай в осях SY5-SX17-SX18. №РС-064,№РС-064,Сваи
Исполнительная схема по срубке свай в осях SX13-SX13-1-SY5-SY4. №РС-065,№РС-065,Сваи
Исполнительная схема по срубке свай в осях SX13-SX13-1SY4-SY3. №РС-066,№РС-066,Сваи
Исполнительная схема по срубке свай в осях SX13-SX13-1-SY3-SY2. №РС-067,№РС-067,Сваи
Исполнительная схема подготовки основания в осях SY15/SX7-SX12. №Е1-001,№Е1-001,Руч.дор.
"Исполнительная схема подготовки основания в осях SY17/SX9-SX10, SY17/SX10-SX11, SY17/SX12-SX13", №Е1-002,Руч.дор.
"Исполнительная схема подготовки основания в осях SY17/SX13-1SX14, SY17/SX14-SX15, SY17/SX17-SX18", №Е1-003,Руч.дор.
"Исполнительная схема подготовки основания в осях SY17/SX15-SX16, SY17/SX17-SX18. №СА-001",№СА-001,Руч.дор.
"Исполнительная схема подготовки основания в осях SY17/SX11-SX17, SY17/SX18. №СА-002",№СА-002,Руч.дор.
Исполнительная схема подготовки основания в осях SY17-SY14/SX18. №СА-003,№СА-003,Руч.дор.
